-- Purpose: Sample data for testing and demos

USE hms;

-- Departments
INSERT INTO Department (Name, PhoneNumber) VALUES
  ('Cardiology', '555-2001'),
  ('Neurology',  '555-2002'),
  ('Pediatrics', '555-2003'),
  ('Orthopedics', '555-2004'),
  ('Dermatology', '555-2005'),
  ('Psychiatry', '555-2006'),
  ('Radiology', '555-2007'),
  ('Emergency Medicine', '555-2008'),
  ('Oncology', '555-2009'),
  ('Gastroenterology', '555-2010'),
  ('Pulmonology', '555-2011'),
  ('Endocrinology', '555-2012'),
  ('Nephrology', '555-2013'),
  ('Rheumatology', '555-2014'),
  ('Ophthalmology', '555-2015'),
  ('ENT', '555-2016'),
  ('Urology', '555-2017'),
  ('Obstetrics', '555-2018'),
  ('Gynecology', '555-2019'),
  ('Anesthesiology', '555-2020'),
  ('Pathology', '555-2021'),
  ('Surgery', '555-2022'),
  ('Internal Medicine', '555-2023'),
  ('Family Medicine', '555-2024'),
  ('Geriatrics', '555-2025'),
  ('Immunology', '555-2026'),
  ('Infectious Disease', '555-2027'),
  ('Sports Medicine', '555-2028'),
  ('Physical Therapy', '555-2029'),
  ('Allergy', '555-2030'),
  ('Hematology', '555-2031'),
  ('Vascular Surgery', '555-2032'),
  ('Plastic Surgery', '555-2033'),
  ('Rehabilitation', '555-2034'),
  ('Pain Management', '555-2035'),
  ('Sleep Medicine', '555-2036'),
  ('Nutrition', '555-2037'),
  ('Wound Care', '555-2038'),
  ('Palliative Care', '555-2039'),
  ('Occupational Health', '555-2040'),
  ('Preventive Medicine', '555-2041'),
  ('Addiction Medicine', '555-2042'),
  ('Clinical Genetics', '555-2043');

-- Doctors
INSERT INTO Doctor (FirstName, MiddleName, LastName, Email, PhoneNumber, DepartmentID) VALUES
  ('Alice',  NULL, 'Nguyen', 'alice.nguyen@hospital.test', '555-3001', 1),
  ('Brian',  'K',  'Lopez',  'brian.lopez@hospital.test',  '555-3002', 2),
  ('Cheryl', NULL, 'Patel',  'cheryl.patel@hospital.test', '555-3003', 3),
  ('Daniel', 'R', 'Wilson', 'daniel.wilson@hospital.test', '555-3004', 4),
  ('Emma', 'S', 'Johnson', 'emma.johnson@hospital.test', '555-3005', 5),
  ('Frank', NULL, 'Martinez', 'frank.martinez@hospital.test', '555-3006', 6),
  ('Grace', 'L', 'Taylor', 'grace.taylor@hospital.test', '555-3007', 7),
  ('Henry', 'M', 'Anderson', 'henry.anderson@hospital.test', '555-3008', 8),
  ('Isabel', NULL, 'Thomas', 'isabel.thomas@hospital.test', '555-3009', 9),
  ('James', 'P', 'Jackson', 'james.jackson@hospital.test', '555-3010', 10),
  ('Karen', 'T', 'White', 'karen.white@hospital.test', '555-3011', 11),
  ('Leo', NULL, 'Harris', 'leo.harris@hospital.test', '555-3012', 12),
  ('Monica', 'D', 'Martin', 'monica.martin@hospital.test', '555-3013', 13),
  ('Nathan', 'J', 'Thompson', 'nathan.thompson@hospital.test', '555-3014', 14),
  ('Olivia', NULL, 'Garcia', 'olivia.garcia@hospital.test', '555-3015', 15),
  ('Paul', 'W', 'Martinez', 'paul.martinez@hospital.test', '555-3016', 16),
  ('Quinn', 'A', 'Robinson', 'quinn.robinson@hospital.test', '555-3017', 17),
  ('Rachel', NULL, 'Clark', 'rachel.clark@hospital.test', '555-3018', 18),
  ('Samuel', 'B', 'Rodriguez', 'samuel.rodriguez@hospital.test', '555-3019', 19),
  ('Tina', 'C', 'Lewis', 'tina.lewis@hospital.test', '555-3020', 20),
  ('Uma', NULL, 'Lee', 'uma.lee@hospital.test', '555-3021', 21),
  ('Victor', 'E', 'Walker', 'victor.walker@hospital.test', '555-3022', 22),
  ('Wendy', 'F', 'Hall', 'wendy.hall@hospital.test', '555-3023', 23),
  ('Xavier', NULL, 'Allen', 'xavier.allen@hospital.test', '555-3024', 24),
  ('Yara', 'G', 'Young', 'yara.young@hospital.test', '555-3025', 25),
  ('Zachary', 'H', 'King', 'zachary.king@hospital.test', '555-3026', 26),
  ('Amy', NULL, 'Wright', 'amy.wright@hospital.test', '555-3027', 27),
  ('Ben', 'I', 'Lopez', 'ben.lopez@hospital.test', '555-3028', 28),
  ('Clara', 'J', 'Hill', 'clara.hill@hospital.test', '555-3029', 29),
  ('Derek', NULL, 'Scott', 'derek.scott@hospital.test', '555-3030', 30),
  ('Elena', 'K', 'Green', 'elena.green@hospital.test', '555-3031', 31),
  ('Felix', 'L', 'Adams', 'felix.adams@hospital.test', '555-3032', 32),
  ('Gina', NULL, 'Baker', 'gina.baker@hospital.test', '555-3033', 33),
  ('Hugo', 'M', 'Gonzalez', 'hugo.gonzalez@hospital.test', '555-3034', 34),
  ('Iris', 'N', 'Nelson', 'iris.nelson@hospital.test', '555-3035', 35),
  ('Jack', NULL, 'Carter', 'jack.carter@hospital.test', '555-3036', 36),
  ('Kelly', 'O', 'Mitchell', 'kelly.mitchell@hospital.test', '555-3037', 37),
  ('Lance', 'P', 'Perez', 'lance.perez@hospital.test', '555-3038', 38),
  ('Maya', NULL, 'Roberts', 'maya.roberts@hospital.test', '555-3039', 39),
  ('Noah', 'Q', 'Turner', 'noah.turner@hospital.test', '555-3040', 40),
  ('Opal', 'R', 'Phillips', 'opal.phillips@hospital.test', '555-3041', 41),
  ('Peter', NULL, 'Campbell', 'peter.campbell@hospital.test', '555-3042', 42),
  ('Queenie', 'S', 'Parker', 'queenie.parker@hospital.test', '555-3043', 43);

-- Patients
INSERT INTO Patient (FirstName, MiddleName, LastName, Email, PhoneNumber, DateOfBirth, Address) VALUES
  ('John',   NULL, 'Smith',   'john.smith@test.com',  '555-4001', '1985-04-12', '123 Oak St'),
  ('Maria',  'L',  'Garcia',  'maria.garcia@test.com','555-4002', '1990-11-03', '456 Pine Ave'),
  ('David',  NULL, 'Chen',    'david.chen@test.com',  '555-4003', '1978-07-22', '789 Maple Rd'),
  ('Sarah', 'M', 'Brown', 'sarah.brown@test.com', '555-4004', '1992-03-15', '321 Elm St'),
  ('Michael', 'J', 'Davis', 'michael.davis@test.com', '555-4005', '1988-08-27', '654 Birch Ln'),
  ('Jennifer', NULL, 'Miller', 'jennifer.miller@test.com', '555-4006', '1995-01-09', '987 Cedar Dr'),
  ('Robert', 'A', 'Wilson', 'robert.wilson@test.com', '555-4007', '1982-12-19', '246 Spruce Way'),
  ('Linda', 'K', 'Moore', 'linda.moore@test.com', '555-4008', '1975-06-30', '135 Walnut Ct'),
  ('William', NULL, 'Taylor', 'william.taylor@test.com', '555-4009', '1998-09-14', '579 Cherry Blvd'),
  ('Patricia', 'R', 'Anderson', 'patricia.anderson@test.com', '555-4010', '1987-05-23', '864 Ash Ave'),
  ('James', 'T', 'Thomas', 'james.thomas@test.com', '555-4011', '1993-02-07', '753 Poplar Rd'),
  ('Barbara', NULL, 'Jackson', 'barbara.jackson@test.com', '555-4012', '1980-11-11', '951 Fir St'),
  ('Richard', 'S', 'White', 'richard.white@test.com', '555-4013', '1991-07-04', '159 Willow Ln'),
  ('Susan', 'E', 'Harris', 'susan.harris@test.com', '555-4014', '1984-10-26', '357 Hickory Dr'),
  ('Joseph', NULL, 'Martin', 'joseph.martin@test.com', '555-4015', '1996-04-18', '852 Magnolia Way'),
  ('Jessica', 'D', 'Thompson', 'jessica.thompson@test.com', '555-4016', '1989-01-31', '147 Dogwood Ct'),
  ('Thomas', 'P', 'Garcia', 'thomas.garcia@test.com', '555-4017', '1977-08-09', '369 Redwood Blvd'),
  ('Karen', 'L', 'Martinez', 'karen.martinez@test.com', '555-4018', '1994-12-22', '741 Sycamore Ave'),
  ('Charles', NULL, 'Robinson', 'charles.robinson@test.com', '555-4019', '1986-05-16', '258 Cypress Rd'),
  ('Nancy', 'C', 'Clark', 'nancy.clark@test.com', '555-4020', '1979-09-28', '963 Beech St'),
  ('Daniel', 'W', 'Rodriguez', 'daniel.rodriguez@test.com', '555-4021', '1997-03-05', '486 Laurel Ln'),
  ('Lisa', NULL, 'Lewis', 'lisa.lewis@test.com', '555-4022', '1983-11-14', '714 Hemlock Dr'),
  ('Matthew', 'B', 'Lee', 'matthew.lee@test.com', '555-4023', '1990-07-20', '852 Juniper Way'),
  ('Betty', 'F', 'Walker', 'betty.walker@test.com', '555-4024', '1976-02-12', '369 Alder Ct'),
  ('Mark', NULL, 'Hall', 'mark.hall@test.com', '555-4025', '1992-06-08', '147 Basswood Blvd'),
  ('Margaret', 'G', 'Allen', 'margaret.allen@test.com', '555-4026', '1985-10-01', '951 Cottonwood Ave'),
  ('Donald', 'H', 'Young', 'donald.young@test.com', '555-4027', '1981-04-25', '753 Butternut Rd'),
  ('Sandra', NULL, 'King', 'sandra.king@test.com', '555-4028', '1995-08-17', '258 Ironwood St'),
  ('Steven', 'I', 'Wright', 'steven.wright@test.com', '555-4029', '1988-12-29', '486 Locust Ln'),
  ('Ashley', 'J', 'Lopez', 'ashley.lopez@test.com', '555-4030', '1993-03-11', '714 Mulberry Dr'),
  ('Paul', NULL, 'Hill', 'paul.hill@test.com', '555-4031', '1978-07-06', '852 Persimmon Way'),
  ('Donna', 'K', 'Scott', 'donna.scott@test.com', '555-4032', '1996-11-22', '369 Sassafras Ct'),
  ('Andrew', 'L', 'Green', 'andrew.green@test.com', '555-4033', '1984-05-14', '147 Buckeye Blvd'),
  ('Carol', NULL, 'Adams', 'carol.adams@test.com', '555-4034', '1991-09-07', '951 Catalpa Ave'),
  ('Joshua', 'M', 'Baker', 'joshua.baker@test.com', '555-4035', '1987-01-19', '753 Chestnut Rd'),
  ('Michelle', 'N', 'Gonzalez', 'michelle.gonzalez@test.com', '555-4036', '1982-06-03', '258 Eucalyptus St'),
  ('Kenneth', NULL, 'Nelson', 'kenneth.nelson@test.com', '555-4037', '1994-10-28', '486 Ginkgo Ln'),
  ('Emily', 'O', 'Carter', 'emily.carter@test.com', '555-4038', '1989-02-15', '714 Hawthorn Dr'),
  ('Kevin', 'P', 'Mitchell', 'kevin.mitchell@test.com', '555-4039', '1977-08-21', '852 Linden Way'),
  ('Kimberly', NULL, 'Perez', 'kimberly.perez@test.com', '555-4040', '1995-12-04', '369 Mesquite Ct'),
  ('Brian', 'Q', 'Roberts', 'brian.roberts@test.com', '555-4041', '1986-04-30', '147 Olive Blvd'),
  ('Amanda', 'R', 'Turner', 'amanda.turner@test.com', '555-4042', '1992-08-13', '951 Palm Ave'),
  ('George', NULL, 'Phillips', 'george.phillips@test.com', '555-4043', '1980-01-25', '753 Tamarack Rd');

-- Medical Inventory
INSERT INTO MedicalInventory (Name, Type, Quantity, Unit, ExpiryDate, Cost) VALUES
  ('Amoxicillin 500mg', 'Antibiotic', 200, 'capsule', '2026-06-30', 0.12),
  ('Ibuprofen 200mg',   'NSAID',      500, 'tablet',  '2027-01-31', 0.05),
  ('Lisinopril 10mg',   'ACE Inhib',  150, 'tablet',  '2026-12-31', 0.20),
  ('Metformin 500mg', 'Antidiabetic', 300, 'tablet', '2026-09-15', 0.08),
  ('Atorvastatin 20mg', 'Statin', 250, 'tablet', '2027-03-20', 0.15),
  ('Omeprazole 20mg', 'PPI', 400, 'capsule', '2026-11-10', 0.10),
  ('Levothyroxine 50mcg', 'Thyroid', 180, 'tablet', '2027-05-25', 0.07),
  ('Amlodipine 5mg', 'Calcium Channel Blocker', 220, 'tablet', '2026-08-18', 0.09),
  ('Albuterol Inhaler', 'Bronchodilator', 100, 'inhaler', '2027-02-28', 12.50),
  ('Prednisone 10mg', 'Corticosteroid', 150, 'tablet', '2026-10-05', 0.11),
  ('Gabapentin 300mg', 'Anticonvulsant', 200, 'capsule', '2026-12-15', 0.18),
  ('Sertraline 50mg', 'SSRI', 180, 'tablet', '2027-04-12', 0.22),
  ('Montelukast 10mg', 'Leukotriene Inhibitor', 140, 'tablet', '2026-07-22', 0.30),
  ('Warfarin 5mg', 'Anticoagulant', 120, 'tablet', '2027-01-08', 0.14),
  ('Losartan 50mg', 'ARB', 190, 'tablet', '2026-09-30', 0.16),
  ('Pantoprazole 40mg', 'PPI', 170, 'tablet', '2027-06-14', 0.13),
  ('Tramadol 50mg', 'Analgesic', 100, 'tablet', '2026-11-28', 0.25),
  ('Furosemide 40mg', 'Diuretic', 160, 'tablet', '2027-02-17', 0.06),
  ('Ciprofloxacin 500mg', 'Antibiotic', 130, 'tablet', '2026-08-09', 0.19),
  ('Clopidogrel 75mg', 'Antiplatelet', 110, 'tablet', '2027-03-05', 0.28),
  ('Insulin Glargine', 'Insulin', 80, 'vial', '2026-10-20', 45.00),
  ('Metoprolol 50mg', 'Beta Blocker', 200, 'tablet', '2027-05-11', 0.12),
  ('Hydrochlorothiazide 25mg', 'Diuretic', 180, 'tablet', '2026-12-03', 0.05),
  ('Aspirin 81mg', 'Antiplatelet', 500, 'tablet', '2027-07-19', 0.03),
  ('Duloxetine 60mg', 'SNRI', 90, 'capsule', '2026-09-24', 0.35),
  ('Rosuvastatin 10mg', 'Statin', 140, 'tablet', '2027-01-15', 0.24),
  ('Citalopram 20mg', 'SSRI', 160, 'tablet', '2026-11-07', 0.17),
  ('Carvedilol 12.5mg', 'Beta Blocker', 130, 'tablet', '2027-04-22', 0.21),
  ('Azithromycin 250mg', 'Antibiotic', 100, 'tablet', '2026-08-30', 0.40),
  ('Tamsulosin 0.4mg', 'Alpha Blocker', 120, 'capsule', '2027-02-05', 0.32),
  ('Fluticasone Nasal Spray', 'Corticosteroid', 90, 'spray', '2026-10-12', 15.00),
  ('Ranitidine 150mg', 'H2 Blocker', 170, 'tablet', '2027-06-28', 0.08),
  ('Clonazepam 0.5mg', 'Benzodiazepine', 80, 'tablet', '2026-12-19', 0.15),
  ('Escitalopram 10mg', 'SSRI', 150, 'tablet', '2027-03-14', 0.26),
  ('Simvastatin 40mg', 'Statin', 180, 'tablet', '2026-09-08', 0.11),
  ('Bupropion 150mg', 'Antidepressant', 100, 'tablet', '2027-05-03', 0.29),
  ('Spironolactone 25mg', 'Diuretic', 110, 'tablet', '2026-11-21', 0.14),
  ('Doxycycline 100mg', 'Antibiotic', 140, 'capsule', '2027-01-27', 0.22),
  ('Venlafaxine 75mg', 'SNRI', 90, 'capsule', '2026-08-16', 0.31),
  ('Trazodone 50mg', 'Antidepressant', 130, 'tablet', '2027-04-09', 0.18),
  ('Methylprednisolone 4mg', 'Corticosteroid', 100, 'tablet', '2026-10-25', 0.20),
  ('Cetirizine 10mg', 'Antihistamine', 300, 'tablet', '2027-06-07', 0.06),
  ('Hydroxyzine 25mg', 'Antihistamine', 120, 'tablet', '2026-12-11', 0.10);

-- Appointments
INSERT INTO Appointment (PatientID, DoctorID, AppointmentDate, Reason) VALUES
  (1, 1, '2026-02-01 09:00:00', 'Follow-up'),
  (2, 2, '2026-02-02 10:30:00', 'Headache evaluation'),
  (3, 3, '2026-02-03 14:00:00', 'Wellness check'),
  (4, 4, '2026-02-04 09:30:00', 'Joint pain consultation'),
  (5, 5, '2026-02-04 11:00:00', 'Skin rash examination'),
  (6, 6, '2026-02-05 13:30:00', 'Mental health screening'),
  (7, 7, '2026-02-05 15:00:00', 'X-ray review'),
  (8, 8, '2026-02-06 08:00:00', 'Emergency chest pain'),
  (9, 9, '2026-02-06 10:00:00', 'Cancer screening'),
  (10, 10, '2026-02-07 11:30:00', 'Digestive issues'),
  (11, 11, '2026-02-07 14:00:00', 'Breathing difficulty'),
  (12, 12, '2026-02-08 09:00:00', 'Diabetes management'),
  (13, 13, '2026-02-08 10:30:00', 'Kidney function test'),
  (14, 14, '2026-02-09 13:00:00', 'Arthritis treatment'),
  (15, 15, '2026-02-09 15:30:00', 'Vision problems'),
  (16, 16, '2026-02-10 09:00:00', 'Ear infection'),
  (17, 17, '2026-02-10 11:00:00', 'Urinary tract issue'),
  (18, 18, '2026-02-11 10:00:00', 'Prenatal checkup'),
  (19, 19, '2026-02-11 14:00:00', 'Gynecological exam'),
  (20, 20, '2026-02-12 08:30:00', 'Pre-surgery consultation'),
  (21, 21, '2026-02-12 11:00:00', 'Lab results review'),
  (22, 22, '2026-02-13 09:30:00', 'Post-operative checkup'),
  (23, 23, '2026-02-13 13:00:00', 'General physical exam'),
  (24, 24, '2026-02-14 10:00:00', 'Family health consultation'),
  (25, 25, '2026-02-14 14:30:00', 'Senior wellness visit'),
  (26, 26, '2026-02-15 09:00:00', 'Allergy testing'),
  (27, 27, '2026-02-15 11:30:00', 'Infectious disease follow-up'),
  (28, 28, '2026-02-16 10:00:00', 'Sports injury assessment'),
  (29, 29, '2026-02-16 13:00:00', 'Physical therapy evaluation'),
  (30, 30, '2026-02-17 09:30:00', 'Allergy consultation'),
  (31, 31, '2026-02-17 11:00:00', 'Blood disorder screening'),
  (32, 32, '2026-02-18 14:00:00', 'Vascular surgery consultation'),
  (33, 33, '2026-02-18 15:30:00', 'Cosmetic procedure discussion'),
  (34, 34, '2026-02-19 09:00:00', 'Rehabilitation progress check'),
  (35, 35, '2026-02-19 11:00:00', 'Chronic pain management'),
  (36, 36, '2026-02-20 10:30:00', 'Sleep disorder evaluation'),
  (37, 37, '2026-02-20 13:00:00', 'Nutritional counseling'),
  (38, 38, '2026-02-21 09:00:00', 'Wound care treatment'),
  (39, 39, '2026-02-21 11:30:00', 'Palliative care consultation'),
  (40, 40, '2026-02-22 10:00:00', 'Occupational health screening'),
  (41, 41, '2026-02-22 14:00:00', 'Preventive care discussion'),
  (42, 42, '2026-02-23 09:30:00', 'Substance abuse counseling'),
  (43, 43, '2026-02-23 11:00:00', 'Genetic testing review');

-- Prescriptions
INSERT INTO Prescription (PatientID, DoctorID, PrescriptionDate, Notes) VALUES
  (1, 1, '2026-02-01', 'Take with food'),
  (2, 2, '2026-02-02', 'Monitor BP'),
  (3, 3, '2026-02-03', 'As needed for pain'),
  (4, 4, '2026-02-04', 'Complete full course'),
  (5, 5, '2026-02-04', 'Apply twice daily'),
  (6, 6, '2026-02-05', 'Take in morning'),
  (7, 7, '2026-02-05', 'Follow imaging results'),
  (8, 8, '2026-02-06', 'Immediate attention if worsens'),
  (9, 9, '2026-02-06', 'Support therapy'),
  (10, 10, '2026-02-07', 'Take before meals'),
  (11, 11, '2026-02-07', 'Use as directed'),
  (12, 12, '2026-02-08', 'Monitor glucose levels'),
  (13, 13, '2026-02-08', 'Adequate hydration required'),
  (14, 14, '2026-02-09', 'Long-term management'),
  (15, 15, '2026-02-09', 'Use eye drops as needed'),
  (16, 16, '2026-02-10', 'Complete antibiotic course'),
  (17, 17, '2026-02-10', 'Increase fluid intake'),
  (18, 18, '2026-02-11', 'Prenatal vitamins'),
  (19, 19, '2026-02-11', 'Continue as prescribed'),
  (20, 20, '2026-02-12', 'Pre-op preparation'),
  (21, 21, '2026-02-12', 'Lab follow-up required'),
  (22, 22, '2026-02-13', 'Post-surgical care'),
  (23, 23, '2026-02-13', 'General health maintenance'),
  (24, 24, '2026-02-14', 'Family preventive care'),
  (25, 25, '2026-02-14', 'Senior medication review'),
  (26, 26, '2026-02-15', 'Avoid allergens'),
  (27, 27, '2026-02-15', 'Isolation if needed'),
  (28, 28, '2026-02-16', 'Rest and recovery'),
  (29, 29, '2026-02-16', 'Physical therapy exercises'),
  (30, 30, '2026-02-17', 'Seasonal allergy management'),
  (31, 31, '2026-02-17', 'Regular blood monitoring'),
  (32, 32, '2026-02-18', 'Pre-surgical evaluation'),
  (33, 33, '2026-02-18', 'Post-procedure care'),
  (34, 34, '2026-02-19', 'Gradual increase activity'),
  (35, 35, '2026-02-19', 'Pain management plan'),
  (36, 36, '2026-02-20', 'Sleep hygiene practices'),
  (37, 37, '2026-02-20', 'Dietary modifications'),
  (38, 38, '2026-02-21', 'Keep wound clean and dry'),
  (39, 39, '2026-02-21', 'Comfort care focus'),
  (40, 40, '2026-02-22', 'Workplace safety measures'),
  (41, 41, '2026-02-22', 'Preventive screenings'),
  (42, 42, '2026-02-23', 'Support group referral'),
  (43, 43, '2026-02-23', 'Genetic counseling recommended');

-- Prescription Items
INSERT INTO PrescriptionItem (PrescriptionID, MedicalInventoryID, Dosage, DurationDays) VALUES
  (1, 1, '500mg twice daily', 7),
  (2, 3, '10mg once daily',   30),
  (3, 2, '200mg every 6h prn',5),
  (4, 1, '500mg three times daily', 10),
  (5, 7, '50mcg once daily', 90),
  (6, 12, '50mg once daily', 30),
  (7, 2, '200mg as needed', 14),
  (8, 24, '81mg once daily', 90),
  (9, 17, '50mg every 6h prn', 30),
  (10, 6, '20mg twice daily', 30),
  (11, 9, '2 puffs every 4-6h prn', 30),
  (12, 4, '500mg twice daily', 90),
  (13, 18, '40mg once daily', 30),
  (14, 10, '10mg twice daily', 60),
  (15, 31, '1 spray each nostril daily', 30),
  (16, 19, '500mg twice daily', 10),
  (17, 29, '0.4mg once daily', 90),
  (18, 7, '50mcg once daily', 180),
  (19, 5, '20mg once daily', 90),
  (20, 33, '0.5mg twice daily', 14),
  (21, 8, '5mg once daily', 30),
  (22, 17, '50mg every 4-6h prn', 14),
  (23, 24, '81mg once daily', 365),
  (24, 4, '500mg twice daily', 90),
  (25, 22, '50mg twice daily', 90),
  (26, 42, '10mg once daily', 30),
  (27, 19, '500mg twice daily', 14),
  (28, 2, '200mg three times daily prn', 10),
  (29, 10, '10mg twice daily', 30),
  (30, 42, '10mg once daily', 90),
  (31, 14, '5mg once daily', 90),
  (32, 20, '75mg once daily', 30),
  (33, 10, '10mg once daily', 60),
  (34, 17, '50mg every 6h prn', 30),
  (35, 17, '50mg three times daily', 90),
  (36, 40, '50mg at bedtime', 30),
  (37, 4, '500mg twice daily', 90),
  (38, 1, '500mg three times daily', 14),
  (39, 17, '50mg every 4h prn', 60),
  (40, 24, '81mg once daily', 90),
  (41, 5, '20mg once daily', 90),
  (42, 25, '60mg once daily', 60),
  (43, 12, '50mg once daily', 90);

-- Patient Feedback
INSERT INTO PatientFeedback (PatientID, DoctorID, Rating, Comments) VALUES
  (1, 1, 5, 'Great care'),
  (2, 2, 4, 'Helpful visit'),
  (3, 3, 5, 'Very thorough'),
  (4, 4, 5, 'Excellent treatment for my joint pain'),
  (5, 5, 4, 'Good explanation of condition'),
  (6, 6, 5, 'Very understanding and supportive'),
  (7, 7, 4, 'Quick and professional'),
  (8, 8, 5, 'Saved my life, amazing care'),
  (9, 9, 5, 'Compassionate and knowledgeable'),
  (10, 10, 3, 'Long wait but good care'),
  (11, 11, 4, 'Helpful breathing exercises'),
  (12, 12, 5, 'Great diabetes management plan'),
  (13, 13, 4, 'Thorough kidney examination'),
  (14, 14, 5, 'Best arthritis specialist'),
  (15, 15, 4, 'Vision improved significantly'),
  (16, 16, 5, 'Ear infection cleared quickly'),
  (17, 17, 4, 'Professional and caring'),
  (18, 18, 5, 'Wonderful prenatal care'),
  (19, 19, 5, 'Very comfortable experience'),
  (20, 20, 4, 'Well prepared for surgery'),
  (21, 21, 3, 'Results explained clearly'),
  (22, 22, 5, 'Excellent post-op care'),
  (23, 23, 4, 'Comprehensive physical exam'),
  (24, 24, 5, 'Great family doctor'),
  (25, 25, 5, 'Respectful of seniors'),
  (26, 26, 4, 'Allergy testing well done'),
  (27, 27, 5, 'Knowledgeable about infection'),
  (28, 28, 4, 'Good sports injury treatment'),
  (29, 29, 5, 'Physical therapy very effective'),
  (30, 30, 4, 'Allergy relief achieved'),
  (31, 31, 5, 'Blood work explained thoroughly'),
  (32, 32, 4, 'Confident in surgical plan'),
  (33, 33, 5, 'Natural looking results'),
  (34, 34, 4, 'Rehabilitation progressing well'),
  (35, 35, 5, 'Pain greatly reduced'),
  (36, 36, 4, 'Sleep quality improved'),
  (37, 37, 5, 'Nutrition plan easy to follow'),
  (38, 38, 5, 'Wound healing perfectly'),
  (39, 39, 5, 'Compassionate end-of-life care'),
  (40, 40, 4, 'Workplace health improved'),
  (41, 41, 5, 'Preventive care comprehensive'),
  (42, 42, 4, 'Supportive addiction treatment'),
  (43, 43, 5, 'Genetic counseling very informative');